Workbook

Sheet Pessoas
A1: ID | B1: Nome | C1: Tipo | D1: CPF | E1: Telefone | F1: Email | G1: Matricula | H1: Ativo | I1: DataCadastro | J1: Observacao

Sheet Presencas
A1: ID | B1: Data | C1: Turno | D1: Pessoa | E1: Nome | F1: Tipo | G1: Valor | H1: Pago | I1: FormaPagamento | J1: HoraEntrada | K1: Observacao

Sheet Precos
A1: Chave | B1: Turno | C1: Tipo | D1: Valor
A2: Manhã|Aluno | B2: Manhã | C2: Aluno | D2: 0
A3: Manhã|Visitante | B3: Manhã | C3: Visitante | D3: 40
A4: Tarde|Aluno | B4: Tarde | C4: Aluno | D4: 30
A5: Tarde|Visitante | B5: Tarde | C5: Visitante | D5: 40

Sheet Resumo
A1: RESUMO DO DAY USE
A2: Data: | B2: =TODAY() | C2: ← troque a data para ver outro dia
A4: Turno | B4: Tipo | C4: Pessoas | D4: Valor previsto | E4: Valor recebido | F4: Pendente
A5: Manhã | B5: Aluno | C5: =COUNTIFS(Presencas!$B:$B,$B$2,Presencas!$C:$C,$A5,Presencas!$F:$F,$B5) | D5: =SUMIFS(Presencas!$G:$G,Presencas!$B:$B,$B$2,Presencas!$C:$C,$A5,Presencas!$F:$F,$B5) | E5: =SUMIFS(Presencas!$G:$G,Presencas!$B:$B,$B$2,Presencas!$C:$C,$A5,Presencas!$F:$F,$B5,Presencas!$H:$H,TRUE) | F5: =D5-E5
A6: Manhã | B6: Visitante | C6: =COUNTIFS(Presencas!$B:$B,$B$2,Presencas!$C:$C,$A6,Presencas!$F:$F,$B6) | D6: =SUMIFS(Presencas!$G:$G,Presencas!$B:$B,$B$2,Presencas!$C:$C,$A6,Presencas!$F:$F,$B6) | E6: =SUMIFS(Presencas!$G:$G,Presencas!$B:$B,$B$2,Presencas!$C:$C,$A6,Presencas!$F:$F,$B6,Presencas!$H:$H,TRUE) | F6: =D6-E6
A7: Tarde | B7: Aluno | C7: =COUNTIFS(Presencas!$B:$B,$B$2,Presencas!$C:$C,$A7,Presencas!$F:$F,$B7) | D7: =SUMIFS(Presencas!$G:$G,Presencas!$B:$B,$B$2,Presencas!$C:$C,$A7,Presencas!$F:$F,$B7) | E7: =SUMIFS(Presencas!$G:$G,Presencas!$B:$B,$B$2,Presencas!$C:$C,$A7,Presencas!$F:$F,$B7,Presencas!$H:$H,TRUE) | F7: =D7-E7
A8: Tarde | B8: Visitante | C8: =COUNTIFS(Presencas!$B:$B,$B$2,Presencas!$C:$C,$A8,Presencas!$F:$F,$B8) | D8: =SUMIFS(Presencas!$G:$G,Presencas!$B:$B,$B$2,Presencas!$C:$C,$A8,Presencas!$F:$F,$B8) | E8: =SUMIFS(Presencas!$G:$G,Presencas!$B:$B,$B$2,Presencas!$C:$C,$A8,Presencas!$F:$F,$B8,Presencas!$H:$H,TRUE) | F8: =D8-E8
A9: TOTAL | C9: =SUM(C5:C8) | D9: =SUM(D5:D8) | E9: =SUM(E5:E8) | F9: =SUM(F5:F8)
A11: Por forma de pagamento
A12: Forma | B12: Qtd | C12: Valor
A13: Pix | B13: =COUNTIFS(Presencas!$B:$B,$B$2,Presencas!$I:$I,$A13) | C13: =SUMIFS(Presencas!$G:$G,Presencas!$B:$B,$B$2,Presencas!$I:$I,$A13)
A14: Dinheiro | B14: =COUNTIFS(Presencas!$B:$B,$B$2,Presencas!$I:$I,$A14) | C14: =SUMIFS(Presencas!$G:$G,Presencas!$B:$B,$B$2,Presencas!$I:$I,$A14)
A15: Cartão | B15: =COUNTIFS(Presencas!$B:$B,$B$2,Presencas!$I:$I,$A15) | C15: =SUMIFS(Presencas!$G:$G,Presencas!$B:$B,$B$2,Presencas!$I:$I,$A15)
A16: Isento | B16: =COUNTIFS(Presencas!$B:$B,$B$2,Presencas!$I:$I,$A16) | C16: =SUMIFS(Presencas!$G:$G,Presencas!$B:$B,$B$2,Presencas!$I:$I,$A16)
